VK Jewles,4380.00,30
Shaze Metamorphosis Ring,3303.00,30
Karatacart,1000.00,10
Yellow Chimes,2551.00,20
Karatcart Platinum,1000.00,10
Yellow Chimes,2140.00,20
Meenaz,3520.00,30
Jewellery For Women,1000.00,10
Karatcart Platinum,1648.00,15
JDX American,1000.00,10
Vighnaharta,1000.00,10
"Arpita Gems,",1530.00,13
Diamond Flower Earrings,1250.00,20
Fancy Earrings,4500.00,10
Diamond Heart Earrings,2000.00,10
Shaze Silver,43400.00,30
Zivom,1000.00,10
Boucheron,2400.00,10
Gregg Ruth,3250.00,20
YouBella Jewellery,1350.00,20
Shaze,5736.00,30
Shaze Brass,3290.00,20
Leaf Earrings,4883.00,30
Shaze Rhodium,5150.00,30
GIRISA Crystal Diamante,1000.00,10
Atasi,3543.00,20
YouBella,2096.00,30
Apara Rhodium,3999.00,30
jewelscart,1211.00,20
SHAZE Garden,2050.00,30
Shaze Scintilating,6200.00,30
SHAZE Orbit,7500.00,50
Ratnavali Jewels,2401.00,10
iJuels,3100.00,20
Shining Diva Fashion,2170.00,20
Cubic Zirconia,2050.00,30
Yellow Chimes,5346.00,20
SHAZE,2590.00,20
SHAZE Studded,2240.00,30
Yellow Chimes,3100.00,20
Yellow Chimes,1560.00,20
Meenaz,3204.00,20
Moneekar Jewels,1200.00,10
Yellow Chimes Hanging,1926.00,30
jewels,1000.00,10
Yellow Chimes ctystals,4951.00,20
SHAZE,3999.00,20
Yellow Chimes Moxie,1746.00,20
Vighnaharta,1000.00,10
